Source:,C:\Users\Matt Peverill\Dropbox\KerbalKockpit\Prototype PCBs\Shield v.2\Shield v.2.sch,,,,,
Date:,2/13/2020 9:13,,,,,
Tool:,Eeschema (5.1.5)-3,,,,,
Component Count:,175,,,,,
Ref,Value,Footprint,Datasheet,Manufacturer,Vendor,
A1,Conn_01x15,Connector_PinHeader_2.54mm:PinHeader_1x15_P2.54mm_Vertical,~,,OWN,
C1,C,Capacitor_SMD:C_0603_1608Metric,~,,Mouser,
C2,C,Capacitor_SMD:C_0603_1608Metric,~,,Mouser,
C3,C,Capacitor_SMD:C_0603_1608Metric,~,,Mouser,
C4,C,Capacitor_SMD:C_0603_1608Metric,~,,Mouser,
C5,C,Capacitor_SMD:C_0603_1608Metric,~,,Mouser,
D1,D,Diode_SMD:D_SOD-323,~,,,
D2,D,Diode_SMD:D_SOD-323,~,,,
D3,D,Diode_SMD:D_SOD-323,~,,,
D4,D,Diode_SMD:D_SOD-323,~,,,
D5,D,Diode_SMD:D_SOD-323,~,,,
D6,D,Diode_SMD:D_SOD-323,~,,,
D7,D,Diode_SMD:D_SOD-323,~,,,
D8,D,Diode_SMD:D_SOD-323,~,,,
D9,D,Diode_SMD:D_SOD-323,~,,,
D10,D,Diode_SMD:D_SOD-323,~,,,
D11,D,Diode_SMD:D_SOD-323,~,,,
D12,D,Diode_SMD:D_SOD-323,~,,,
D13,D,Diode_SMD:D_SOD-323,~,,,
D14,D,Diode_SMD:D_SOD-323,~,,,
D15,D,Diode_SMD:D_SOD-323,~,,,
D16,D,Diode_SMD:D_SOD-323,~,,,
D17,1N4148,Diode_SMD:D_SOD-323,,,,
D18,1N4148,Diode_SMD:D_SOD-323,,,,
D19,1N4148,Diode_SMD:D_SOD-323,,,,
D20,1N4148,Diode_SMD:D_SOD-323,,,,
D21,1N4148,Diode_SMD:D_SOD-323,,,,
D22,1N4148,Diode_SMD:D_SOD-323,,,,
D23,1N4148,Diode_SMD:D_SOD-323,,,,
D24,1N4148,Diode_SMD:D_SOD-323,,,,
D25,1N4148,Diode_SMD:D_SOD-323,,,,
D26,1N4148,Diode_SMD:D_SOD-323,,,,
D27,1N4148,Diode_SMD:D_SOD-323,,,,
D28,1N4148,Diode_SMD:D_SOD-323,,,,
D29,1N4148,Diode_SMD:D_SOD-323,,,,
D30,1N4148,Diode_SMD:D_SOD-323,,,,
D31,1N4148,Diode_SMD:D_SOD-323,,,,
D32,1N4148,Diode_SMD:D_SOD-323,,,,
D33,1N4148,Diode_SMD:D_SOD-323,,,,
D34,1N4148,Diode_SMD:D_SOD-323,,,,
D35,1N4148,Diode_SMD:D_SOD-323,,,,
D36,1N4148,Diode_SMD:D_SOD-323,,,,
D37,1N4148,Diode_SMD:D_SOD-323,,,,
D38,1N4148,Diode_SMD:D_SOD-323,,,,
D39,1N4148,Diode_SMD:D_SOD-323,,,,
D40,1N4148,Diode_SMD:D_SOD-323,,,,
D41,1N4148,Diode_SMD:D_SOD-323,,,,
D42,1N4148,Diode_SMD:D_SOD-323,,,,
D43,1N4148,Diode_SMD:D_SOD-323,,,,
D44,1N4148,Diode_SMD:D_SOD-323,,,,
D45,1N4148,Diode_SMD:D_SOD-323,,,,
D46,1N4148,Diode_SMD:D_SOD-323,,,,
D47,1N4148,Diode_SMD:D_SOD-323,,,,
D48,1N4148,Diode_SMD:D_SOD-323,,,,
D49,1N4148,Diode_SMD:D_SOD-323,,,,
D50,1N4148,Diode_SMD:D_SOD-323,,,,
D51,1N4148,Diode_SMD:D_SOD-323,,,,
D52,1N4148,Diode_SMD:D_SOD-323,,,,
D53,1N4148,Diode_SMD:D_SOD-323,,,,
D54,1N4148,Diode_SMD:D_SOD-323,,,,
D55,1N4148,Diode_SMD:D_SOD-323,,,,
D56,1N4148,Diode_SMD:D_SOD-323,,,,
D57,1N4148,Diode_SMD:D_SOD-323,,,,
D58,1N4148,Diode_SMD:D_SOD-323,,,,
D59,1N4148,Diode_SMD:D_SOD-323,,,,
D60,1N4148,Diode_SMD:D_SOD-323,,,,
D61,1N4148,Diode_SMD:D_SOD-323,,,,
D62,1N4148,Diode_SMD:D_SOD-323,,,,
D63,1N4148,Diode_SMD:D_SOD-323,,,,
D64,1N4148,Diode_SMD:D_SOD-323,,,,
D65,1N4148,Diode_SMD:D_SOD-323,,,,
D66,1N4148,Diode_SMD:D_SOD-323,,,,
D67,1N4148,Diode_SMD:D_SOD-323,,,,
D68,1N4148,Diode_SMD:D_SOD-323,,,,
D69,1N4148,Diode_SMD:D_SOD-323,,,,
D70,1N4148,Diode_SMD:D_SOD-323,,,,
D71,1N4148,Diode_SMD:D_SOD-323,,,,
D72,1N4148,Diode_SMD:D_SOD-323,,,,
D73,1N4148,Diode_SMD:D_SOD-323,,,,
D74,1N4148,Diode_SMD:D_SOD-323,,,,
D75,1N4148,Diode_SMD:D_SOD-323,,,,
D76,1N4148,Diode_SMD:D_SOD-323,,,,
D77,1N4148,Diode_SMD:D_SOD-323,,,,
D78,1N4148,Diode_SMD:D_SOD-323,,,,
D79,1N4148,Diode_SMD:D_SOD-323,,,,
D80,1N4148,Diode_SMD:D_SOD-323,,,,
G1,Conn_01x15,Connector_PinHeader_2.54mm:PinHeader_1x15_P2.54mm_Vertical,~,,Own,
J1,Conn_01x04,Connector_PinHeader_2.54mm:PinHeader_1x04_P2.54mm_Vertical,~,,Own,
J2,Conn_01x06,Connector_PinHeader_2.54mm:PinHeader_1x06_P2.54mm_Vertical,~,,Own,
J3,Conn_01x04,Connector_PinHeader_2.54mm:PinHeader_1x04_P2.54mm_Vertical,~,,Own,
J4,Conn_01x05,Connector_PinHeader_2.54mm:PinHeader_1x05_P2.54mm_Vertical,~,,Own,
J5,Motor,Connector_PinHeader_2.54mm:PinHeader_1x05_P2.54mm_Vertical,~,,Own,
J6,Conn_01x03,Connector_PinHeader_2.54mm:PinHeader_1x03_P2.54mm_Vertical,~,,Own,
J7,Conn_01x07,Connector_PinHeader_2.54mm:PinHeader_1x07_P2.54mm_Vertical,~,,Own,
J8,Conn_01x04,Connector_PinHeader_2.54mm:PinHeader_1x04_P2.54mm_Vertical,~,,Own,
J9,Conn_Reset,Connector_PinHeader_2.54mm:PinHeader_1x02_P2.54mm_Vertical,~,,Own,
J10,i2cA,Connector_PinHeader_2.54mm:PinHeader_2x04_P2.54mm_Vertical,~,,Own,
J11,i2cB,Connector_PinHeader_2.54mm:PinHeader_2x04_P2.54mm_Vertical,~,,Own,
J14,Conn_SysBut,Connector_PinHeader_2.54mm:PinHeader_1x04_P2.54mm_Vertical,~,,Own,
J15,Conn_bLight,Connector_PinHeader_2.54mm:PinHeader_1x02_P2.54mm_Vertical,~,,Own,
J16,Conn_SysLED,Connector_PinHeader_2.54mm:PinHeader_2x02_P2.54mm_Vertical,~,,Own,
J17,LEDs_A,Connector_PinHeader_2.54mm:PinHeader_2x08_P2.54mm_Vertical,~,,Own,
J18,LEDs_B,Connector_PinHeader_2.54mm:PinHeader_2x08_P2.54mm_Vertical,~,,Own,
J19B1,Jumper_NO_Small,Connector_PinHeader_2.54mm:PinHeader_1x02_P2.54mm_Vertical,~,,Own,
J19C1,Jumper_NO_Small,Connector_PinHeader_2.54mm:PinHeader_1x02_P2.54mm_Vertical,~,,Own,
J19C2,Jumper_NO_Small,Connector_PinHeader_2.54mm:PinHeader_1x02_P2.54mm_Vertical,~,,Own,
J19D1,Jumper_NO_Small,Connector_PinHeader_2.54mm:PinHeader_1x02_P2.54mm_Vertical,~,,Own,
J19F1,Jumper_NO_Small,Connector_PinHeader_2.54mm:PinHeader_1x02_P2.54mm_Vertical,~,,Own,
J19F2,Jumper_NO_Small,Connector_PinHeader_2.54mm:PinHeader_1x02_P2.54mm_Vertical,~,,Own,
J19G1,Jumper_NO_Small,Connector_PinHeader_2.54mm:PinHeader_1x02_P2.54mm_Vertical,~,,Own,
J19H1,Jumper_NO_Small,Connector_PinHeader_2.54mm:PinHeader_1x02_P2.54mm_Vertical,~,,Own,
J20,JumpSwitch,Connector_PinHeader_2.54mm:PinHeader_2x08_P2.54mm_Vertical,,,Own,
J21,JumpSwitch,Connector_PinHeader_2.54mm:PinHeader_2x08_P2.54mm_Vertical,,,Own,
J22,JumpSwitch,Connector_PinHeader_2.54mm:PinHeader_2x08_P2.54mm_Vertical,,,Own,
J23,JumpSwitch,Connector_PinHeader_2.54mm:PinHeader_2x08_P2.54mm_Vertical,,,Own,
J24,JumpSwitch,Connector_PinHeader_2.54mm:PinHeader_2x08_P2.54mm_Vertical,,,Own,
J25,JumpSwitch,Connector_PinHeader_2.54mm:PinHeader_2x08_P2.54mm_Vertical,,,Own,
J26A1,Jumper_NO_Small,Connector_PinHeader_2.54mm:PinHeader_1x02_P2.54mm_Vertical,~,,Own,
J26B1,Jumper_NO_Small,Connector_PinHeader_2.54mm:PinHeader_1x02_P2.54mm_Vertical,~,,Own,
J26C1,Jumper_NO_Small,Connector_PinHeader_2.54mm:PinHeader_1x02_P2.54mm_Vertical,~,,Own,
J26D1,Jumper_NO_Small,Connector_PinHeader_2.54mm:PinHeader_1x02_P2.54mm_Vertical,~,,Own,
J26E1,Jumper_NO_Small,Connector_PinHeader_2.54mm:PinHeader_1x02_P2.54mm_Vertical,~,,Own,
J26F1,Jumper_NO_Small,Connector_PinHeader_2.54mm:PinHeader_1x02_P2.54mm_Vertical,~,,Own,
J26G1,Jumper_NO_Small,Connector_PinHeader_2.54mm:PinHeader_1x02_P2.54mm_Vertical,~,,Own,
J26H1,Jumper_NO_Small,Connector_PinHeader_2.54mm:PinHeader_1x02_P2.54mm_Vertical,~,,Own,
Q1,Q_NMOS_DIM,Package_TO_SOT_SMD:SOT-23,~,,Mouser,
Q2,Q_NMOS_DIM,Package_TO_SOT_SMD:SOT-23,~,,Mouser,
R1,R4.7k,Resistor_SMD:R_0603_1608Metric,~,,Mouser,
R2,R4.7k,Resistor_SMD:R_0603_1608Metric,~,,Mouser,
R3,R,Resistor_SMD:R_0603_1608Metric,~,,Mouser,
R4,R,Resistor_SMD:R_0603_1608Metric,~,,Mouser,
R5,R,Resistor_SMD:R_0603_1608Metric,~,,Mouser,
R6,R,Resistor_SMD:R_0603_1608Metric,~,,Mouser,
R7,R,Resistor_SMD:R_0603_1608Metric,~,,Mouser,
R8,R,Resistor_SMD:R_0603_1608Metric,~,,Mouser,
R9,R,Resistor_SMD:R_0603_1608Metric,~,,Mouser,
R10,R,Resistor_SMD:R_0603_1608Metric,~,,Mouser,
R11,R,Resistor_SMD:R_0603_1608Metric,~,,Mouser,
R12,R,Resistor_SMD:R_0603_1608Metric,~,,Mouser,
R13,R,Resistor_SMD:R_0603_1608Metric,~,,Mouser,
R14,R,Resistor_SMD:R_0603_1608Metric,~,,Mouser,
R15,R,Resistor_SMD:R_0603_1608Metric,~,,Mouser,
R16,R,Resistor_SMD:R_0603_1608Metric,~,,Mouser,
R17,R,Resistor_SMD:R_0603_1608Metric,~,,Mouser,
R18,R,Resistor_SMD:R_0603_1608Metric,~,,Mouser,
R19,R,Resistor_SMD:R_0603_1608Metric,~,,Mouser,
R20,R,Resistor_SMD:R_0603_1608Metric,~,,Mouser,
R21,R1k,Resistor_SMD:R_0603_1608Metric,~,,Mouser,
R22,R1k,Resistor_SMD:R_0603_1608Metric,~,,Mouser,
R23,R4.7k,Resistor_SMD:R_0603_1608Metric,~,,Mouser,
R24,R4.7k,Resistor_SMD:R_0603_1608Metric,~,,Mouser,
R25,R4.7k,Resistor_SMD:R_0603_1608Metric,~,,Mouser,
R26,R4.7k,Resistor_SMD:R_0603_1608Metric,~,,Mouser,
R27,R4.7k,Resistor_SMD:R_0603_1608Metric,~,,Mouser,
R28,R4.7k,Resistor_SMD:R_0603_1608Metric,~,,Mouser,
R29,R4.7k,Resistor_SMD:R_0603_1608Metric,~,,Mouser,
R30,R4.7k,Resistor_SMD:R_0603_1608Metric,~,,Mouser,
R31,R4.7k,Resistor_SMD:R_0603_1608Metric,~,,Mouser,
R32,R4.7k,Resistor_SMD:R_0603_1608Metric,~,,Mouser,
SW1,SW_Push,Kicad Parts:SW_PUSH-12mm_widepinholes,,,,https://www.aliexpress.com/item/1649844130.html?spm=a2g0s.9042311.0.0.27424c4daOGlAI
SW2,SW_Push,Kicad Parts:SW_PUSH-12mm_widepinholes,,,,
SW3,SW_Push,Kicad Parts:SW_PUSH-12mm_widepinholes,,,,
SW4,SW_Push,Kicad Parts:SW_PUSH-12mm_widepinholes,,,,
SW5,SW_Push,Kicad Parts:SW_PUSH-12mm_widepinholes,,,,
SW6,SW_Push,Kicad Parts:SW_PUSH-12mm_widepinholes,,,,
SW7,SW_Push,Kicad Parts:SW_PUSH-12mm_widepinholes,,,,
SW8,SW_Push,Kicad Parts:SW_PUSH-12mm_widepinholes,,,,
SW9,SW_Push,Kicad Parts:SW_PUSH-12mm_widepinholes,,,,
SW10,SW_Push,Kicad Parts:SW_PUSH-12mm_widepinholes,,,,
U1,74HC4051,Package_SO:SSOP-16_3.9x4.9mm_P0.635mm,http://www.ti.com/lit/ds/symlink/cd74hc4051.pdf,,Mouser,
U2,MCP23017_0x20_in,Package_SO:SSOP-28_5.3x10.2mm_P0.65mm,http://ww1.microchip.com/downloads/en/DeviceDoc/20001952C.pdf,,Mouser,
U3,MCP23017_0x21_out,Package_SO:SSOP-28_5.3x10.2mm_P0.65mm,http://ww1.microchip.com/downloads/en/DeviceDoc/20001952C.pdf,,Mouser,
U4,ULN2803A,Package_SO:SOIC-18W_7.5x11.6mm_P1.27mm,http://www.ti.com/lit/ds/symlink/uln2803a.pdf,,Mouser,
U5,ULN2803A,Package_SO:SOIC-18W_7.5x11.6mm_P1.27mm,http://www.ti.com/lit/ds/symlink/uln2803a.pdf,,Mouser,
V1,Conn_01x15,Connector_PinHeader_2.54mm:PinHeader_1x15_P2.54mm_Vertical,~,,OWN,
,MOUNTING HARDWARE,#,,,,
Shield - Stand-offs,"5/32"" #2 standoff",4,https://www.mouser.com/ProductDetail/710-970050244,,,
Shield - Panel Screws,,4,https://www.boltdepot.com/Metric_machine_screws_Phillips_flat_head_Stainless_steel_18-8_(A-2)_2mm_x_0.4mm.aspx,,,
Shield - Board Screws,,4,https://www.boltdepot.com/Product-Details.aspx?product=6844,,,
Shield - Washers,,0,https://www.boltdepot.com/Product-Details.aspx?product=7364,,,
Button Panel - Stand-offs,"5/32"" #2 standoff",3,,,,
Button Panel - Stand-offs,,,,,,
Button Panel - Panel Screws,,,,,,
Button Panel - Board Screws,,,,,,
Button Panel - Washers,,,,,,
PSP Analog Screws,,4,https://www.metricscrews.us/index.php?main_page=product_info&products_id=1347&zenid=k8udfabh2ck7jem5e6mimm35a2,,,
Adhesive Cable Clips,,,https://www.amazon.com/gp/product/B072XJT436/ref=crt_ewc_img_dp_2?ie=UTF8&psc=1&smid=AWAGKS3NENVQT,,,
Paper Clip,,,https://www.amazon.com/gp/product/B001F6TDEW/ref=crt_ewc_title_dp_1?ie=UTF8&psc=1&smid=ATVPDKIKX0DER,,,
#4Screw for Paper Clip,,1 w/nut and washer,,,,
